{
  "accuracy": 0.8114035087719298,
  "precision": 0.8166984829595364,
  "recall": 0.8114035087719298,
  "f1_score": 0.8121316534811569,
  "cv_mean": 0.8363447717380301,
  "cv_std": 0.016970281805509226,
  "per_class_f1": {
    "bird": 0.8611111111111112,
    "cat": 0.9583333333333334,
    "llama": 0.8245614035087719,
    "rabbit": 0.6388888888888888,
    "deer": 0.832,
    "dog": 0.7479674796747967,
    "snail": 0.8,
    "swan": 0.7047619047619048
  },
  "confusion_matrix": [
    [
      62,
      1,
      3,
      5,
      1,
      3,
      0,
      1
    ],
    [
      0,
      69,
      1,
      0,
      0,
      0,
      0,
      0
    ],
    [
      0,
      0,
      47,
      5,
      1,
      2,
      0,
      0
    ],
    [
      2,
      3,
      1,
      23,
      0,
      1,
      0,
      1
    ],
    [
      2,
      0,
      1,
      0,
      52,
      1,
      1,
      6
    ],
    [
      1,
      1,
      3,
      2,
      1,
      46,
      7,
      3
    ],
    [
      0,
      0,
      0,
      1,
      3,
      2,
      34,
      2
    ],
    [
      1,
      0,
      3,
      5,
      4,
      4,
      1,
      37
    ]
  ],
  "classification_report": "              precision    recall  f1-score   support\n\n        bird       0.91      0.82      0.86        76\n         cat       0.93      0.99      0.96        70\n       llama       0.80      0.85      0.82        55\n      rabbit       0.56      0.74      0.64        31\n        deer       0.84      0.83      0.83        63\n         dog       0.78      0.72      0.75        64\n       snail       0.79      0.81      0.80        42\n        swan       0.74      0.67      0.70        55\n\n    accuracy                           0.81       456\n   macro avg       0.79      0.80      0.80       456\nweighted avg       0.82      0.81      0.81       456\n",
  "model_type": "Ensemble (k-NN + RF + SVM)",
  "feature_count": 30,
  "train_samples": 2224,
  "val_samples": 456,
  "class_balance_technique": "SMOTE",
  "timestamp": "2025-09-27T17:52:01.870079"
}