{
  "accuracy": 0.9194630872483222,
  "f1_macro": 0.8614075126963429,
  "f1_weighted": 0.9112673759878966,
  "f1_per_class": {
    "bird": 0.8888888888888888,
    "cat": 0.9047619047619048,
    "llama": 1.0,
    "rabbit": 0.9333333333333333,
    "deer": 0.9438202247191011,
    "dog": 0.9459459459459459,
    "snail": 0.9411764705882353,
    "swan": 0.3333333333333333
  },
  "cv_mean": 0.9833856537435255,
  "cv_std": 0.0098424704537444,
  "confusion_matrix": [
    [
      16,
      0,
      0,
      0,
      1,
      0,
      0,
      0
    ],
    [
      2,
      19,
      0,
      0,
      0,
      1,
      0,
      0
    ],
    [
      0,
      0,
      2,
      0,
      0,
      0,
      0,
      0
    ],
    [
      0,
      0,
      0,
      14,
      2,
      0,
      0,
      0
    ],
    [
      1,
      0,
      0,
      0,
      42,
      0,
      0,
      0
    ],
    [
      0,
      0,
      0,
      0,
      0,
      35,
      0,
      0
    ],
    [
      0,
      1,
      0,
      0,
      0,
      0,
      8,
      0
    ],
    [
      0,
      0,
      0,
      0,
      1,
      3,
      0,
      1
    ]
  ],
  "classification_report": "              precision    recall  f1-score   support\n\n        bird      0.842     0.941     0.889        17\n         cat      0.950     0.864     0.905        22\n       llama      1.000     1.000     1.000         2\n      rabbit      1.000     0.875     0.933        16\n        deer      0.913     0.977     0.944        43\n         dog      0.897     1.000     0.946        35\n       snail      1.000     0.889     0.941         9\n        swan      1.000     0.200     0.333         5\n\n    accuracy                          0.919       149\n   macro avg      0.950     0.843     0.861       149\nweighted avg      0.925     0.919     0.911       149\n",
  "model_type": "MediaPipe Ensemble (k-NN + RF + SVM)",
  "feature_type": "Real MediaPipe Hand Landmarks",
  "feature_count": 60,
  "train_samples": 1384,
  "val_samples": 149,
  "timestamp": "2025-09-27T22:20:56.784421"
}