{
  "accuracy": 0.882640586797066,
  "precision": 0.8849578642876074,
  "recall": 0.882640586797066,
  "f1_score": 0.8819067797628032,
  "cv_mean": 0.8577163441400686,
  "cv_std": 0.01353528610345313,
  "confusion_matrix": [
    [
      49,
      1,
      3,
      10,
      0,
      0,
      0,
      0
    ],
    [
      0,
      56,
      1,
      2,
      0,
      0,
      1,
      0
    ],
    [
      4,
      3,
      31,
      5,
      0,
      0,
      0,
      0
    ],
    [
      1,
      2,
      4,
      76,
      1,
      0,
      0,
      0
    ],
    [
      0,
      0,
      0,
      0,
      49,
      0,
      0,
      1
    ],
    [
      0,
      0,
      0,
      0,
      1,
      74,
      1,
      0
    ],
    [
      0,
      0,
      0,
      2,
      0,
      1,
      14,
      1
    ],
    [
      1,
      0,
      0,
      2,
      0,
      0,
      0,
      12
    ]
  ],
  "classification_report": "              precision    recall  f1-score   support\n\n        bird       0.89      0.78      0.83        63\n         cat       0.90      0.93      0.92        60\n       llama       0.79      0.72      0.76        43\n      rabbit       0.78      0.90      0.84        84\n        deer       0.96      0.98      0.97        50\n         dog       0.99      0.97      0.98        76\n       snail       0.88      0.78      0.82        18\n        swan       0.86      0.80      0.83        15\n\n    accuracy                           0.88       409\n   macro avg       0.88      0.86      0.87       409\nweighted avg       0.88      0.88      0.88       409\n",
  "best_k": 3,
  "feature_count": 21,
  "train_samples": 1729,
  "val_samples": 409,
  "timestamp": "2025-09-27T17:00:11.200135"
}